name,Category,min,max
Home,England,1.036438598,82.81832389
Hospital,England,67.79034467,97.15070027
Care home,England,51.44576587,20.33129332
Other,England,30.69747402,83.59107712
Home,Wales,80.33512194,75.11363638
Hospital,Wales,67.01922196,80.77230259
Care home,Wales,35.54949123,24.25480598
Other,Wales,55.26525179,29.18697595
